{
    "deepflav":{
        "4":{
            "up_cferr1":1.218640,
            "down_cferr1":0.766472,
            "up_cferr2":1.115522,
            "down_cferr2":0.877739,
            "up_hf":1.0,
            "down_hf":1.0,
            "up_lf":1.0,
            "down_lf":1.0,
            "up_hfstats1":1.0,
            "down_hfstats1":1.0,
            "up_hfstats2":1.0,
            "down_hfstats2":1.0,
            "up_lfstats1":1.0,
            "down_lfstats1":1.0,
            "up_lfstats2":1.0,
            "down_lfstats2":1.0,
            "central":1.0
        },
        "5":{
            "up_hf":0.995648,
            "down_hf":0.996288,
            "up_lf":0.989351,
            "down_lf":0.995581,
            "up_hfstats1":0.997460,
            "down_hfstats1":0.995381,
            "up_hfstats2":0.995084,
            "down_hfstats2":0.997890,
            "up_lfstats1":0.991512,
            "down_lfstats1":1.001446,
            "up_lfstats2":0.992656,
            "down_lfstats2":1.000303,
            "central":0.996528,
            "up_cferr1":1.0,
            "down_cferr1":1.0,
            "up_cferr2":1.0,
            "down_cferr2":1.0
        },
        "0":{
            "up_hf":1.017962,
            "down_hf":1.034523,
            "up_lf":1.026351,
            "down_lf":1.028164,
            "up_hfstats1":1.027674,
            "down_hfstats1":1.027616,
            "up_hfstats2":1.027423,
            "down_hfstats2":1.027869,
            "up_lfstats1":1.020160,
            "down_lfstats1":1.035063,
            "up_lfstats2":1.021214,
            "down_lfstats2":1.034045,
            "central":1.027653,
            "up_cferr1":1.0,
            "down_cferr1":1.0,
            "up_cferr2":1.0,
            "down_cferr2":1.0
        }
    },
    "deepcsv":{
        "4":{
            "up_cferr1":1.152412,
            "down_cferr1":0.863153,
            "up_cferr2":1.031727,
            "down_cferr2":0.970585,
            "up_hf":1.0,
            "down_hf":1.0,
            "up_lf":1.0,
            "down_lf":1.0,
            "up_hfstats1":1.0,
            "down_hfstats1":1.0,
            "up_hfstats2":1.0,
            "down_hfstats2":1.0,
            "up_lfstats1":1.0,
            "down_lfstats1":1.0,
            "up_lfstats2":1.0,
            "down_lfstats2":1.0,
            "central":1.0
        },
        "5":{
            "up_hf":0.995193,
            "down_hf":0.995174,
            "up_lf":0.988634,
            "down_lf":0.995454,
            "up_hfstats1":0.997488,
            "down_hfstats1":0.993450,
            "up_hfstats2":0.993296,
            "down_hfstats2":0.997755,
            "up_lfstats1":0.990975,
            "down_lfstats1":1.000407,
            "up_lfstats2":0.992402,
            "down_lfstats2":0.998967,
            "central":0.995710,
            "up_cferr1":1.0,
            "down_cferr1":1.0,
            "up_cferr2":1.0,
            "down_cferr2":1.0
        },
        "0":{
            "up_hf":1.010393,
            "down_hf":1.026166,
            "up_lf":1.018512,
            "down_lf":1.020643,
            "up_hfstats1":1.020069,
            "down_hfstats1":1.019999,
            "up_hfstats2":1.019699,
            "down_hfstats2":1.020378,
            "up_lfstats1":1.012312,
            "down_lfstats1":1.027786,
            "up_lfstats2":1.014403,
            "down_lfstats2":1.025640,
            "central":1.020061,
            "up_cferr1":1.0,
            "down_cferr1":1.0,
            "up_cferr2":1.0,
            "down_cferr2":1.0
        }
    }
}
